a20,겨울왕국 2,6
a20,극장판 헬로카봇 : 달나라를 구해줘!,1
a20,마이펫의 이중생활2,4
a20,알라딘,10
aar,82년생 김지영,8
aar,겨울왕국 2,10
aar,나를 찾아줘,1
aba,감쪽같은 그녀,10
aba,겨울왕국 2,1
aba,결혼 이야기,9
aba,나를 찾아줘,5
aba,스파이,8
aba,윤희에게,10
aba,조커,10
aba,프란츠,10
abc,겨울왕국 2,8
abc,글래디에이터,10
abc,나를 찾아줘,10
abc,양자물리학,1
abc,윤희에게,10
abc,의천도룡기,2
abi,겨울왕국 2,3
abi,블랙머니,8
abi,양자물리학,6
abi,엔젤 해즈 폴른,10
abo,겨울왕국 2,10
abo,나를 찾아줘,8
abo,러브 앳,8
abo,허슬러,8
air,가장 보통의 연애,1
air,겨울왕국 2,8
air,나우 유 씨 미 2,9
air,돈,8
air,정글북,10
ajh,빽 투 더 퓨쳐,10
ajh,아이리시맨,6
ajh,히트,8
ajt,위시마스터,10
ajt,이온 플럭스,10
ajt,제미니 맨,10
ajt,코멧,5
aka,겨울왕국 2,1
aka,나를 찾아줘,10
aka,덕혜옹주,9
aka,최악의 하루,5
aks,겨울왕국 2,10
aks,나를 찾아줘,6
aks,행동하는 양심 김대중,10
ala,82년생 김지영,10
ala,겨울왕국 2,1
ala,나를 찾아줘,8
ala,원스 어폰 어 타임... 인 할리우드,9
ala,터미네이터: 다크 페이트,1
ald,겨울왕국 2,10
ald,엔젤 해즈 폴른,10
ale,겨울왕국 2,10
ale,김복남 살인사건의 전말,10
ale,나의 히어로 아카데미아 더 무비: 두 명의 히어로,7
ale,조커,10
ale,크롤,8
ale,퍼펙트맨,9
alf,겨울왕국 2,10
alf,먹고 기도하고 사랑하라,10
alf,미쓰백,10
alf,안녕 베일리,1
alm,다크 나이트 라이즈,10
alm,"색, 계",1
alm,쥬만지: 새로운 세계,10
alm,프레스티지,6
alr,겨울왕국 2,6
alr,몽상가들,10
alr,조커,10
alt,겨울왕국 2,10
alt,빽 투 더 퓨쳐,7
alt,타짜: 원 아이드 잭,2
ana,건축학개론,10
ana,겨울왕국 2,7
ana,나를 찾아줘,10
ana,벌새,1
ana,삼촌,8
ana,집 이야기,4
ann,82년생 김지영,1
ann,가버나움,1
ann,겨울왕국 2,10
ann,블랙머니,9
ant,김씨 표류기,10
ant,나를 찾아줘,10
ant,원스 어폰 어 타임... 인 할리우드,10
ant,타이타닉,1
apr,너의 여자친구,10
apr,엔젤 해즈 폴른,10
apr,주홍글씨,1
ara,겨울왕국 2,1
ara,센과 치히로의 행방불명,8
ara,집 이야기,8
are,1408,10
are,드레스드 투 킬,8
are,엑소시즘 오브 에밀리 로즈,8
ari,가장 보통의 연애,6
ari,겨울왕국 2,9
ari,결혼 이야기,10
ari,나를 찾아줘,10
ari,맨 오브 스틸,10
ark,82년생 김지영,10
ark,돈,10
ark,함정,3
arm,겨울왕국,10
arm,블랙머니,10
arm,신과함께-죄와 벌,10
arm,행동하는 양심 김대중,10
aro,겨울왕국 2,10
aro,스파이더맨: 파 프롬 홈,10
aro,아담스 패밀리,10
art,간신,1
art,겨울왕국 2,6
art,경계선,10
art,벌새,8
art,빽 투 더 퓨쳐,10
art,우리를 갈라놓는 것들,10
asm,나를 찾아줘,10
asm,블랙머니,10
asm,인사이드 아웃,6
ass,감쪽같은 그녀,8
ass,겨울왕국 2,10
ass,포드 V 페라리,10
asu,겨울왕국 2,2
asu,친절한 금자씨,1
asu,행동하는 양심 김대중,10
aud,겨울왕국 2,10
aud,신의 한 수: 귀수편,7
ava,벌새,10
ava,블랙머니,10
ava,아이리시맨,8
ava,윤희에게,10
awa,82년생 김지영,8
awa,감쪽같은 그녀,10
awa,더 록,10
awa,헌터 킬러,10
bab,겨울왕국 2,10
bab,고지전,9
bab,기억의 밤,10
bab,나를 찾아줘,10
bab,시월애,2
bad,러브 앳,10
bad,블랙머니,9
bad,삽질,10
bad,트윈스터즈,9
bad,퍼펙트맨,6
bae,82년생 김지영,8
bae,겨울왕국 2,10
bae,크롤,10
bam,82년생 김지영,10
bam,더 보이,10
bam,윤희에게,9
ban,겨울왕국 2,10
ban,나를 찾아줘,2
ban,비밀의 숲 테라비시아,2
ban,스파이더맨: 파 프롬 홈,8
bar,겨울왕국 2,1
bar,나를 찾아줘,6
bar,미쓰백,8
bas,감쪽같은 그녀,9
bas,겨울왕국 2,10
bas,아이리시맨,10
bas,엔젤 해즈 폴른,10
bbo,가버나움,10
bbo,겨울왕국 2,7
bbo,스타트렉 다크니스,10
bbo,택시 드라이버,10
bee,겨울왕국 2,10
bee,"카페, 한 사람을 기다리다",1
bel,82년생 김지영,10
bel,로마,10
bel,얼굴없는 보스,10
bel,오피셜 시크릿,10
ber,겨울왕국 2,9
ber,대통령의 7시간,1
ber,더 헌트,6
ber,아이리시맨,10
ber,클루리스,10
bes,82년생 김지영,10
bes,겨울왕국 2,10
bes,나를 찾아줘,1
bes,나이브스 아웃,9
bes,얼굴없는 보스,9
bes,포드 V 페라리,10
bes,플라이트 93,1
bht,미스컨덕트,1
bht,알라딘,10
bht,주먹왕 랄프 2: 인터넷 속으로,10
bht,토이 스토리 3,10
big,겨울왕국 2,10
big,나를 찾아줘,10
big,버닝,8
big,알라딘,2
bil,82년생 김지영,1
bil,겨울왕국 2,8
bil,나를 찾아줘,9
bin,나를 찾아줘,10
bin,"나의 사랑, 그리스",1
bin,아이리시맨,10
bin,어린 의뢰인,10
bin,인간중독,10
bin,콰이어트 플레이스,10
bio,겨울왕국 2,4
bio,대통령의 7시간,10
bio,모모와 다락방의 수상한 요괴들,10
bir,러브 앳,10
bir,미져리,1
bir,싸움의 기술,10
bjy,사자,7
bjy,업그레이드,8
bjy,올레,10
bjy,유열의 음악앨범,8
bjy,청춘 돼지는 꿈꾸는 소녀의 꿈을 꾸지 않는다,8
bjy,킹덤 오브 헤븐,10
ble,겨울왕국 2,9
ble,내 몸이 사라졌다,2
ble,다운사이징,10
ble,아이 캔 스피크,1
ble,아이리시맨,8
ble,얼굴없는 보스,6
blo,겨울왕국 2,1
blo,나를 찾아줘,2
blo,블랙머니,7
blo,행복을 찾아서,10
blo,혈의 누,10
boa,나를 찾아줘,10
boa,엑시트,10
bob,겨울왕국 2,10
bob,람보 : 라스트 워,10
bob,신의 한 수: 귀수편,10
boo,겨울왕국 2,1
boo,아이리시맨,1
bor,겨울왕국 2,8
bor,나를 찾아줘,10
bor,블랙머니,10
bor,삽질,7
bor,아이리시맨,1
bou,원더풀 라이프,10
bou,캡틴 아메리카: 윈터 솔져,9
bou,행동하는 양심 김대중,6
box,블랙머니,10
box,조커,8
box,크롤,1
bra,82년생 김지영,5
bra,마스크,5
bra,존 윅 3: 파라벨룸,1
bra,타짜,9
bra,토이 스토리 4,10
bre,결혼 이야기,9
bre,로마,5
bre,블랙머니,1
bri,82년생 김지영,9
bri,겨울왕국 2,10
bri,나를 찾아줘,10
bri,더 딥 블루 씨,10
bri,포드 V 페라리,7
bro,겨울왕국 2,10
bro,퍼펙트맨,10
bro,포드 V 페라리,10
bun,엘 시크레토: 비밀의 눈동자,10
bun,제미니 맨,10
bun,조커,3
bun,천년을 흐르는 사랑,10
bun,피터 래빗,10
bur,겨울왕국 2,10
bur,무간도,10
bur,스타워즈: 깨어난 포스,10
bur,엑시트,2
byu,82년생 김지영,8
byu,나이브스 아웃,10
cal,겨울왕국 2,8
cal,결혼 이야기,10
cal,도니 다코,2
cal,원스 어폰 어 타임... 인 할리우드,9
cam,겨울왕국 2,6
cam,조커,8
car,겨울왕국 2,2
car,나를 찾아줘,10
car,러브 앳,10
car,세상에서 가장 아름다운 이별,10
car,포드 V 페라리,8
cat,82년생 김지영,10
cat,겨울왕국 2,10
cat,대통령의 7시간,6
cat,허슬러,10
chd,나를 찾아줘,9
chd,벌새,10
chd,삽질,2
chh,거인,10
chh,겨울왕국 2,10
chh,랜드 오브 마인,10
chi,82년생 김지영,10
chi,감쪽같은 그녀,8
chi,겨울왕국 2,9
chi,기생충,10
chi,원스 어폰 어 타임... 인 할리우드,1
chi,윤희에게,10
chi,집 이야기,10
chr,가장 보통의 연애,10
chr,기생충,10
chr,라라랜드,1
chr,알라딘,10
chr,엔젤 해즈 폴른,7
chr,조커,10
chr,포드 V 페라리,10
chs,겨울왕국 2,8
chs,배트맨 비긴즈,10
chs,삽질,10
cin,겨울왕국 2,10
cin,결혼 이야기,9
cin,나를 찾아줘,10
cin,나이브스 아웃,8
cin,윤희에게,7
ckd,겨울왕국 2,9
ckd,블랙머니,10
ckd,행동하는 양심 김대중,10
cks,겨울왕국 2,1
cks,블랙머니,10
cks,아는 여자,2
cks,엑시트,10
cks,원더,1
cks,윤희에게,4
cle,나를 찾아줘,1
cle,더 룸,1
cle,아이리시맨,10
cli,나이브스 아웃,9
cli,블랙머니,5
cli,조커,10
clo,겨울왕국 2,1
clo,디파티드,9
clo,영웅,2
cmj,겨울왕국 2,9
cmj,마이펫의 이중생활2,10
cmj,사탄의 인형,10
cmj,포레스트 검프,10
coc,겨울왕국 2,10
coc,그것,10
coc,그것: 두 번째 이야기,10
coc,나를 찾아줘,6
coc,미쓰 와이프,1
coc,원스 어폰 어 타임... 인 할리우드,10
cod,겨울왕국 2,10
cod,나를 찾아줘,5
cod,러브 앳,10
cod,장사리 : 잊혀진 영웅들,9
cof,겨울왕국 2,4
cof,결혼 이야기,10
cof,에이 아이,10
cof,해리 포터와 마법사의 돌,10
col,82년생 김지영,5
col,재밌는 영화,1
col,허슬러,10
con,가디언즈 오브 갤럭시 VOL. 2,9
con,리얼,10
con,신의 한 수,3
con,싱글라이더,10
con,암수살인,7
con,엘리시움,10
con,침묵,10
con,해리 포터와 아즈카반의 죄수,10
cop,겨울왕국 2,7
cop,러브 앳,1
cop,미성년,8
cos,타짜: 원 아이드 잭,10
cos,퓨리,5
cos,프리즌,10
cra,겨울왕국 2,1
cra,나를 찾아줘,9
cra,불한당: 나쁜 놈들의 세상,10
cra,완벽한 그녀에게 딱 한가지 없는 것,10
cre,82년생 김지영,8
cre,대통령의 7시간,10
cre,러브 앳,10
cre,아이리시맨,10
cro,겨울왕국 2,10
cro,블랙머니,10
csy,겨울왕국 2,6
csy,콰이어트 플레이스,10
cyk,나를 찾아줘,10
cyk,아바타,1
cyk,주먹이 운다,10
cys,82년생 김지영,10
cys,겨울왕국 2,10
cys,나를 찾아줘,5
cys,양자물리학,10
cys,행동하는 양심 김대중,10
dae,82년생 김지영,10
dae,겨울왕국 2,2
dae,뉴욕 아이 러브 유,10
dae,러브 앳,10
dae,블랙머니,10
dae,친절한 금자씨,9
dae,크롤,4
dah,겨울왕국 2,10
dah,러브 앳,10
dah,포드 V 페라리,10
dal,겨울왕국 2,9
dal,포드 V 페라리,10
dam,말레피센트 2,2
dam,봉오동 전투,1
dam,원스 어폰 어 타임... 인 할리우드,10
dav,군함도,9
dav,덕혜옹주,1
dav,삼촌,10
dav,제인 도,2
dav,터미널,10
daw,겨울왕국 2,10
daw,나를 찾아줘,10
daw,알라딘,2
daw,우상,10
dbd,너의 여자친구,10
dbd,블랙머니,10
dbd,심판,10
dbf,겨울왕국 2,10
dbf,봉오동 전투,9
dbq,메기,10
dbq,아워 바디,8
dbq,우묵배미의 사랑,10
dbq,좀비랜드: 더블 탭,10
dbt,겨울왕국 2,1
dbt,주먹왕 랄프 2: 인터넷 속으로,7
dbw,82년생 김지영,9
dbw,러브 앳,10
dbw,"러브, 로지",8
dbw,신데렐라,10
dbw,이터널 선샤인,2
dbw,청년경찰,10
dbw,포드 V 페라리,10
dbw,히든 페이스,10
dda,겨울왕국 2,10
dda,나를 찾아줘,10
dda,퍼펙트맨,10
ddd,레이디 버드,10
ddd,버드맨,10
ddd,윤희에게,10
ddo,겨울왕국 2,10
ddo,나를 찾아줘,10
ddo,블랙머니,1
ddo,연어알,10
ddo,오피셜 시크릿,10
dea,나를 찾아줘,1
dea,윤희에게,4
dec,러브 앳,10
dec,블랙머니,10
dec,포드 V 페라리,6
del,너의 결혼식,10
del,몰리스 게임,10
del,스파이,6
del,이끼,10
del,행동하는 양심 김대중,10
dhd,겨울왕국 2,10
dhd,나를 찾아줘,10
dhd,아이리시맨,4
dht,겨울왕국 2,8
dht,내부자들,6
dia,82년생 김지영,10
dia,블랙머니,10
dia,아담스 패밀리,9
dia,크롤,1
dic,나랏말싸미,10
dic,삽질,8
dic,신경쇠약 직전의 여자,10
dis,얼굴없는 보스,1
dis,에이 아이,10
dis,첫잔처럼,1
diz,4인용 식탁,10
diz,82년생 김지영,8
diz,너의 여자친구,9
diz,에이리언: 커버넌트,2
diz,카운슬러,10
diz,크롤,10
djm,나이브스 아웃,8
djm,조커,10
djm,킥 애스: 영웅의 탄생,10
dkd,가장 보통의 연애,1
dkd,글래스,1
dkd,김씨 표류기,7
dkd,마담 뺑덕,10
dkd,몬스터,7
dkd,조커,1
dkf,82년생 김지영,10
dkf,겨울왕국 2,10
dkf,명량,9
dkf,천주정,10
dld,겨울왕국 2,9
dle,82년생 김지영,10
dle,감쪽같은 그녀,10
dle,겨울왕국 2,10
dle,얼굴없는 보스,10
dle,유열의 음악앨범,5
dlf,겨울왕국 2,10
dlf,나쁜 녀석들: 더 무비,8
dlf,뚜르: 내 생애 최고의 49일,2
dlf,크롤,10
dlf,터미네이터: 다크 페이트,10
dlr,겨울왕국 2,7
dlr,괴물,10
dlr,대장 김창수,10
dlr,우리를 갈라놓는 것들,8
dlr,주먹왕 랄프 2: 인터넷 속으로,10
dlr,태극기 휘날리며,10
dne,가장 보통의 연애,10
dne,나를 찾아줘,6
dne,선물,7
dne,행동하는 양심 김대중,10
dnw,감쪽같은 그녀,1
dnw,겨울왕국 2,10
dnw,이프 온리,8
dnw,주먹왕 랄프,6
dnw,주먹왕 랄프 2: 인터넷 속으로,10
dod,겨울왕국 2,10
dod,동주,8
dod,오만과 편견 그리고 좀비,10
dod,태극기 휘날리며,10
dog,겨울왕국 2,10
dog,나를 찾아줘,1
dog,스타더스트,10
dog,어쩌다 룸메이트,10
dog,엔젤 해즈 폴른,10
dog,터미네이터: 다크 페이트,8
dok,백악관 최후의 날,10
dok,체인지오버,10
dok,크롤,4
dol,겨울왕국 2,4
dol,포드 V 페라리,10
doo,나를 찾아줘,2
doo,악마는 프라다를 입는다,1
doo,포드 V 페라리,10
dor,감쪽같은 그녀,10
dor,겨울왕국 2,10
dor,글래스,2
dou,47미터 2,10
dou,82년생 김지영,8
dou,나를 찾아줘,10
dow,82년생 김지영,10
dow,감쪽같은 그녀,2
dow,겨울왕국 2,7
dow,나를 찾아줘,8
dow,더 컨덕터,10
dpd,겨울왕국 2,10
dpd,컨트롤러,7
dpf,메가마인드,8
dpf,아직 사랑하고 있습니까?,10
dpf,캡틴 마블,1
dpq,13층,8
dpq,빽 투 더 퓨쳐 2,1
dpq,빽 투 더 퓨쳐 3,10
dpq,죽은 시인의 사회,10
dra,경계선,7
dra,나이브스 아웃,6
dra,오피셜 시크릿,10
dra,포드 V 페라리,8
duc,겨울왕국 2,10
duc,엣지 오브 투모로우,10
duc,플라이트,9
dus,겨울왕국 2,8
dus,나이브스 아웃,8
dus,배트맨,6
dyk,노틀담의 꼽추,9
dyk,루시,1
dyk,봉오동 전투,8
dyk,신의 한 수: 귀수편,10
dyk,아이스 에이지 2,8
dyk,주먹왕 랄프 2: 인터넷 속으로,10
dyk,택시: 더 맥시멈,10
dyk,화산고,8
dyn,내 여자친구의 결혼식,10
dyn,콰이어트 플레이스,9
dyn,행동하는 양심 김대중,10
eas,경계선,10
eas,나를 찾아줘,7
eas,나이브스 아웃,10
eas,노트북,8
eas,아이리시맨,10
ehi,가장 보통의 연애,10
ehi,람보 : 라스트 워,8
ehi,얼굴없는 보스,10
ehr,PMC: 더 벙커,10
ehr,나를 찾아줘,10
ehr,블랙머니,9
ehr,포드 V 페라리,10
ejr,82년생 김지영,2
ejr,겨울왕국 2,10
ejr,스파이더맨: 파 프롬 홈,10
eka,겨울왕국 2,10
eka,변호인,10
eka,윤희에게,2
ekd,82년생 김지영,1
ekd,겨울왕국 2,2
ekd,크롤,10
ekz,82년생 김지영,10
ekz,겨울왕국 2,6
ele,겨울왕국 2,10
ele,대통령의 7시간,1
ele,빅 식,10
ele,삽질,10
ele,엑시트,6
ele,원스 어폰 어 타임... 인 할리우드,10
ele,행동하는 양심 김대중,2
ell,82년생 김지영,8
ell,겨울왕국 2,10
ell,결혼 이야기,8
ell,시작은 키스!,2
end,82년생 김지영,8
end,겨울왕국 2,10
end,포드 V 페라리,8
eng,나를 찾아줘,10
eng,람보 4: 라스트 블러드,10
eng,얼굴없는 보스,10
eng,엔젤 해즈 폴른,10
eng,윤희에게,10
eod,겨울왕국 2,1
eod,블랙머니,9
eps,대가리2-학교무림,1
eps,람보 : 라스트 워,10
eps,삽질,10
eps,엔젤 해즈 폴른,10
eps,증인,2
eri,겨울왕국 2,10
eri,나이브스 아웃,6
ess,47미터 2,10
ess,나를 찾아줘,7
ess,목격자,10
ess,안나,10
ess,언브로큰,10
eum,겨울왕국 2,10
eum,신의 한 수: 귀수편,10
eve,82년생 김지영,1
eve,감쪽같은 그녀,10
eve,기억의 밤,10
eve,블랙머니,8
eve,사바하,10
eye,겨울왕국 2,8
eye,벌새,2
eye,우묵배미의 사랑,10
fai,겨울왕국 2,10
fai,레볼루셔너리 로드,10
fai,양자물리학,10
fai,트루 라이즈,10
fal,겨울왕국 2,9
fal,나를 찾아줘,10
fal,베리드,10
fal,인썸니아,10
fan,가장 보통의 연애,2
fan,겨울왕국 2,8
fan,더 페이버릿: 여왕의 여자,10
fan,블랙머니,8
fan,얼굴없는 보스,6
fan,터미네이터,9
fee,겨울왕국 2,1
fee,아이리시맨,10
fee,하드코어 헨리,8
fin,겨울왕국 2,2
fin,다운튼 애비,1
fin,뷰티풀 데이즈,10
fin,조커,10
fir,겨울왕국 2,1
fir,나이브스 아웃,2
fir,포드 V 페라리,10
fkd,82년생 김지영,2
fkd,겨울왕국 2,10
fkd,날씨의 아이,10
fkd,윤희에게,9
fly,겨울왕국 2,7
fly,그랜 토리노,9
fly,얼굴없는 보스,10
fly,인셉션,10
fox,겨울왕국 2,10
fox,나를 찾아줘,10
fox,내가 살인범이다,2
fox,퍼펙트맨,10
fre,겨울왕국 2,1
fre,블랙머니,6
fre,쎄시봉,10
fri,나이브스 아웃,9
fri,더 펜션,10
fri,셰이프 오브 워터: 사랑의 모양,4
fri,신문기자,1
fri,어느 가족,6
fro,다시 태어나도 우리,8
fro,로지,10
fro,블랙머니,10
fut,겨울왕국 2,7
fut,더 리더: 책 읽어주는 남자,1
fut,초속5센티미터,10
gah,82년생 김지영,10
gah,겨울왕국 2,1
gah,오피셜 시크릿,10
gah,쥬만지: 새로운 세계,4
gan,결혼 이야기,7
gan,어벤져스: 엔드게임,9
gan,콘스탄틴,10
gar,겨울왕국 2,8
gar,보헤미안 랩소디,10
gar,삼촌,2
gar,행동하는 양심 김대중,10
gas,82년생 김지영,1
gas,겨울왕국 2,10
gas,러브 액츄얼리,10
gas,우묵배미의 사랑,9
gee,나를 찾아줘,10
gee,벌새,3
gee,아이리시맨,10
gee,유열의 음악앨범,10
gee,종횡사해,10
gee,행동하는 양심 김대중,10
gee,헤이트풀8,10
gen,겨울왕국 2,10
gen,나이브스 아웃,10
gen,블랙머니,10
gen,유열의 음악앨범,10
gen,장사리 : 잊혀진 영웅들,10
gen,행동하는 양심 김대중,10
ger,겨울왕국 2,9
ger,람보 : 라스트 워,8
ger,원스 어폰 어 타임... 인 할리우드,10
geu,겨울왕국 2,10
geu,나를 찾아줘,9
geu,포드 V 페라리,10
gga,겨울왕국 2,10
gga,신의 한 수: 귀수편,10
ggg,가장 보통의 연애,7
ggg,겨울왕국 2,2
ggg,진링의 13소녀,10
ghg,겨울왕국 2,10
ghg,러브 앳,10
ghg,제인 에어,10
ghk,겨울왕국 2,4
ghk,나를 찾아줘,10
ghk,로그 원: 스타워즈 스토리,10
ghk,블랙머니,10
ghk,삽질,10
ghk,타짜: 원 아이드 잭,10
ghw,감쪽같은 그녀,10
ghw,겨울왕국 2,10
gis,겨울왕국 2,2
gis,나를 찾아줘,10
gis,어메이징 메리,8
gjk,공작,1
gjk,변신,10
gjk,윤희에게,10
gjt,겨울왕국 2,10
gjt,나이브스 아웃,1
gjt,더 임파서블,10
gkd,겨울왕국 2,10
gkd,미스 스티븐스,4
gkd,블랙머니,10
gkd,원스 어폰 어 타임... 인 할리우드,10
gkd,포드 V 페라리,10
gkt,겨울왕국 2,5
gkt,악질경찰,9
gkt,얼굴없는 보스,7
gla,겨울왕국 2,10
gla,세상에서 가장 아름다운 이별,6
glo,82년생 김지영,10
glo,극한직업,2
glo,라라랜드,1
glo,카페 6,10
glt,500일의 썸머,10
glt,그래도 내가 하지 않았어,6
glt,노킹 온 헤븐스 도어,10
glt,리크루트,1
glt,영 건,10
glt,천국의 아이들,8
glt,프롬 헬,10
gml,82년생 김지영,10
gml,겨울왕국 2,1
gml,블랙머니,10
gog,블랙머니,10
gog,아이리시맨,8
gog,얼굴없는 보스,8
gon,감쪽같은 그녀,10
gon,겨울왕국 2,1
gon,유전,9
gos,8월의 크리스마스,10
gos,극장판 짱구는 못말려: 아뵤! 쿵후 보이즈 ~라면 대란~,10
gos,조커,1
gra,82년생 김지영,10
gra,겨울왕국 2,10
gra,나이브스 아웃,10
gra,두번할까요,10
gra,아이리시맨,10
gud,겨울왕국 2,1
gud,나이브스 아웃,1
gud,레이싱 인 더 레인,5
gud,삽질,10
gun,김씨 표류기,6
gun,나이브스 아웃,10
gun,클레멘타인,10
gur,82년생 김지영,1
gur,겨울왕국 2,10
gur,나를 찾아줘,2
gur,람보 : 라스트 워,10
gur,엔젤 해즈 폴른,10
gut,크롤,10
gye,겨울왕국 2,2
gye,사자,6
gye,터미네이터: 다크 페이트,10
gyu,82년생 김지영,4
gyu,겨울왕국 2,10
gyu,포드 V 페라리,10
hak,겨울왕국 2,10
hak,브레이크다운,10
hak,빽 투 더 퓨쳐,8
hay,아이 캔 스피크,1
hay,조커,8
hay,코코,4
hay,포드 V 페라리,10
hay,피아니스트,10
haz,겨울왕국 2,10
haz,알라딘,8
haz,크롤,10
hea,82년생 김지영,1
hea,겨울왕국 2,8
hea,나를 찾아줘,10
hea,내가 살인범이다,10
hea,아이리시맨,10
hea,얼굴없는 보스,10
hei,노아,10
hei,더 킹: 헨리 5세,10
hei,조커,10
hen,겨울왕국 2,10
hen,맨 오브 스틸,10
hen,아쿠아맨,10
hen,얼굴없는 보스,10
hey,겨울왕국 2,10
hey,얼굴없는 보스,1
hey,캐롤,10
hhh,겨울왕국 2,10
hhh,세 얼간이,10
hhh,엔젤 해즈 폴른,4
hid,겨울왕국 2,10
hid,나를 찾아줘,10
hid,너는 여기에 없었다,8
hid,대통령의 7시간,8
hid,반지의 제왕: 왕의 귀환,10
hid,영구와 공룡 쮸쮸,10
hid,포드 V 페라리,8
hig,블랙머니,10
hig,화이트 하우스 다운,8
hip,82년생 김지영,10
hip,겨울왕국 2,10
hip,블랙머니,10
hir,가장 보통의 연애,4
hir,겨울왕국 2,1
hir,배반의 장미,10
hir,신의 한 수,10
hir,암수살인,10
hir,얼굴없는 보스,10
hir,크롤,8
his,겨울왕국 2,1
his,나를 찾아줘,8
his,나이브스 아웃,10
his,매그놀리아,10
his,악마는 프라다를 입는다,10
his,헤로니모,7
hjh,겨울왕국 2,8
hjh,나를 찾아줘,9
hjh,프랭크,10
hjk,겨울왕국 2,1
hjk,너의 결혼식,10
hjk,신의 한 수: 귀수편,10
hjl,겨울왕국 2,10
hjl,아이리시맨,9
hjm,82년생 김지영,2
hjm,겨울왕국 2,8
hjm,조커,10
hjs,좀비랜드: 더블 탭,7
hjs,크롤,8
hjs,포드 V 페라리,10
hoh,감쪽같은 그녀,10
hoh,겨울왕국 2,9
hoh,나를 찾아줘,1
hoh,러브 앳,10
hoj,82년생 김지영,1
hoj,카센타,4
hoj,"힘을 내요, 미스터 리",10
hol,와니와 준하,9
hol,자전차왕 엄복동,9
hol,조커,10
hoo,가을의 전설,6
hoo,겨울왕국 2,1
hoo,나를 찾아줘,10
hoo,언브로큰,5
hot,82년생 김지영,10
hot,마션,9
hot,스파이,10
how,감쪽같은 그녀,10
how,주먹왕 랄프,10
how,포드 V 페라리,10
hoy,겨울왕국 2,10
hoy,나이브스 아웃,10
hoy,크롤,10
hug,아이리시맨,2
hug,터미네이터: 다크 페이트,1
hug,포드 V 페라리,10
huh,너의 여자친구,8
huh,불한당: 나쁜 놈들의 세상,6
huh,허슬러,10
hun,겨울왕국 2,9
hun,나를 찾아줘,6
hun,러브 앳,1
hun,분노의 질주: 홉스&쇼,8
hun,선물,1
hun,셀프/리스,1
hun,연평해전,9
hun,카센타,10
hyd,82년생 김지영,2
hyd,겨울왕국 2,2
hyd,동주,6
hyd,폴라,1
hyh,겨울왕국,10
hyh,겨울왕국 2,1
hyh,럭키,7
hyh,초능력자,10
hyy,람보 : 라스트 워,10
hyy,백악관 최후의 날,6
hyy,엔젤 해즈 폴른,10
iam,007 스펙터,8
iam,82년생 김지영,9
iam,나를 찾아줘,1
iam,생일,7
iam,유열의 음악앨범,10
iam,포드 V 페라리,10
iba,82년생 김지영,10
iba,겨울왕국 2,10
iba,블랙머니,10
ice,겨울왕국 2,10
ice,대통령의 7시간,10
ice,동주,10
ice,얼굴없는 보스,10
ice,윤희에게,10
ich,겨울왕국 2,6
ich,용의자 X의 헌신,10
ika,겨울왕국 2,10
ika,봉오동 전투,10
ika,윤희에게,9
ill,겨울왕국 2,1
ilo,겨울왕국 2,2
ilo,안녕 베일리,10
ilo,옷코는 초등학생 사장님!,10
ind,82년생 김지영,10
ind,겨울왕국 2,8
ind,나이브스 아웃,10
ind,엔젤 해즈 폴른,10
ind,첫잔처럼,10
ing,나를 찾아줘,10
ing,마담 뺑덕,10
ing,얼굴없는 보스,10
inj,겨울왕국 2,10
inj,타이타닉,10
inj,포드 V 페라리,10
inm,겨울왕국 2,9
inm,기생충,10
inm,나를 찾아줘,8
inm,크롤,8
ins,겨울왕국 2,9
ins,백악관 최후의 날,5
ins,터미네이터: 다크 페이트,10
ins,포드 V 페라리,10
int,겨울왕국 2,10
int,나를 찾아줘,10
int,나이브스 아웃,10
int,블랙머니,10
ire,"러브, 로지",10
ire,얼굴없는 보스,10
ire,트와일라잇,10
ire,폴란드로 간 아이들,10
iri,82년생 김지영,6
iri,겨울왕국 2,10
iri,나이브스 아웃,10
iri,에이 아이,1
jac,82년생 김지영,10
jac,겨울왕국 2,1
jac,나를 찾아줘,10
jac,행동하는 양심 김대중,6
jam,겨울왕국 2,4
jam,어벤져스 오브 저스티스,8
jam,첫잔처럼,10
jam,크롤,1
jas,겨울왕국 2,9
jas,아이리시맨,8
jay,겟 아웃,1
jay,겨울왕국 2,10
jay,레볼루셔너리 로드,6
jay,모털 엔진,10
jaz,겨울왕국 2,8
jaz,아이리시맨,10
jbu,겨울왕국 2,10
jbu,광대들: 풍문조작단,4
jbu,크롤,1
jea,겨울왕국 2,3
jea,닥터 슬립,10
jea,유열의 음악앨범,7
jed,겨울왕국 2,8
jed,윤희에게,10
jed,이미테이션 게임,10
jed,호랑이와 눈,10
jek,나를 찾아줘,9
jek,행동하는 양심 김대중,10
jen,가장 보통의 연애,6
jen,겨울왕국 2,2
jen,프란치스코 교황: 맨 오브 히스 워드,7
jer,"괜찮아요, 미스터 브래드",1
jer,나를 찾아줘,10
jer,범죄도시,6
jes,겨울왕국 2,10
jes,나를 찾아줘,10
jes,블랙머니,8
jeu,로건,10
jeu,설국열차,10
jeu,하이-라이즈,10
jhj,겨울왕국 2,10
jhj,데스 위시,8
jhj,크롤,10
jhs,감쪽같은 그녀,1
jhs,나를 찾아줘,9
jhs,내가 살인범이다,10
jhs,미션 임파서블: 폴아웃,1
jhs,유열의 음악앨범,10
jhs,허슬러,10
jhs,"힘을 내요, 미스터 리",8
jhw,맥베스,10
jhw,원스 어폰 어 타임... 인 할리우드,9
jhw,하녀,10
jhy,겨울왕국 2,7
jhy,벌새,10
jia,스파이더맨: 파 프롬 홈,10
jia,신의 한 수: 귀수편,10
jia,이터널 선샤인,10
jia,토이 스토리 4,10
jie,겨울왕국 2,10
jie,나를 찾아줘,2
jie,블랙머니,9
jie,포드 V 페라리,10
jih,겨울왕국 2,1
jih,김씨 표류기,9
jih,나를 찾아줘,10
jih,대통령의 7시간,8
jih,러브 앳,10
jih,베스트 오퍼,10
jij,겨울왕국 2,10
jim,겨울왕국 2,10
jim,나탈리,7
jim,러브 앳,10
jim,스파이더맨: 파 프롬 홈,8
jim,크롤,10
jim,토르: 라그나로크,10
jis,나를 찾아줘,8
jis,나이브스 아웃,8
jis,사자,10
jiw,82년생 김지영,10
jiw,겨울왕국 2,10
jiw,플라이트 93,7
jiy,13층,10
jiy,감쪽같은 그녀,10
jiy,겨울왕국 2,10
jiy,나를 찾아줘,9
jiy,원더,10
jiy,헤로니모,1
jja,감쪽같은 그녀,9
jja,동네사람들,10
jja,러브 앳,10
jja,스네이크 온 어 플레인,10
jja,얼굴없는 보스,9
jja,이웃집에 신이 산다,10
jja,조커,8
jji,겨울왕국 2,6
jji,나를 찾아줘,10
jji,엑시트 운즈,1
jjj,겨울왕국 2,10
jjj,나를 찾아줘,10
jjj,라이온 킹,10
jjj,알라딘,8
jjk,나를 찾아줘,10
jjk,다크 나이트,10
jjk,시크릿 슈퍼스타,9
jjo,겨울왕국 2,1
jjo,우묵배미의 사랑,9
jjs,겨울왕국 2,10
jjs,나를 찾아줘,10
jjs,슬픔보다 더 슬픈 이야기,9
jju,겨울왕국 2,10
jju,나를 찾아줘,10
jju,회사원,8
jjy,겨울왕국 2,1
jjy,나를 찾아줘,10
jjy,무서운 집,1
jjy,신세계,9
jjy,위대한 쇼맨,10
jmj,그것,2
jmj,그것: 두 번째 이야기,10
jmj,람보 : 라스트 워,2
jmj,파인딩 포레스터,10
joe,82년생 김지영,6
joe,내부자들,9
joe,딥 라이징,1
joe,얼굴없는 보스,10
joe,존 윅 - 리로드,4
joe,존 윅 3: 파라벨룸,10
joe,해변으로 가다,10
joh,겨울왕국 2,10
joh,나를 찾아줘,1
joh,얼굴없는 보스,10
joh,터미네이터: 다크 페이트,8
joh,해피 댄싱,10
joj,겨울왕국 2,3
joj,조커,10
jon,나를 찾아줘,10
jon,블랙머니,10
jon,아이리시맨,10
jon,황해,1
jos,3:10 투 유마,10
jos,겨울왕국 2,10
jos,블랙머니,10
jos,아이리시맨,1
jos,크롤,10
jou,맨 인 블랙: 인터내셔널,10
jou,스파이더맨: 파 프롬 홈,7
jou,허슬러,10
joy,가장 보통의 연애,7
joy,겨울왕국 2,5
joy,나를 찾아줘,10
joy,아워 바디,10
joy,윤희에게,10
jsj,겨울왕국 2,4
jsj,더 보이,10
jsj,장사리 : 잊혀진 영웅들,1
jsj,포드 V 페라리,1
jsm,겨울왕국 2,8
jsm,러브 앳,8
jsm,이프 온리,10
jsw,겨울왕국 2,6
jsw,결혼 이야기,1
jud,감쪽같은 그녀,8
jud,나를 찾아줘,10
jud,영웅: 샐러멘더의 비밀,10
juh,82년생 김지영,10
juh,감쪽같은 그녀,10
juh,겨울왕국 2,10
juh,대통령의 7시간,8
juh,아이리시맨,10
juh,제미니 맨,10
juj,겨울왕국 2,10
juj,나를 찾아줘,2
juj,러브 앳,8
jul,겨울왕국 2,10
jul,목숨 건 연애,10
jul,택시운전사,10
jws,겨울왕국 2,7
jws,블랙머니,10
jws,스윙키즈,10
jws,유열의 음악앨범,7
jws,크롤,1
jyc,82년생 김지영,4
jyc,겨울왕국 2,8
jyc,퍼펙트맨,10
jyj,나를 찾아줘,1
jyj,블랙머니,3
jyj,크롤,9
jyj,헤로니모,10
kah,겨울왕국 2,10
kah,나를 찾아줘,10
kah,터미널,7
kai,겨울왕국 2,10
kai,아이리시맨,8
kai,카메라를 멈추면 안 돼!,10
kai,포드 V 페라리,10
kam,겨울왕국 2,10
kam,나를 찾아줘,2
kam,얼굴없는 보스,10
kar,82년생 김지영,8
kar,겨울왕국 2,8
kar,말레나,1
kar,사일런트 스크림,9
kar,원스 어폰 어 타임... 인 할리우드,10
kar,크롤,10
kas,얼굴없는 보스,6
kas,조작된 도시,10
kas,첫잔처럼,10
kas,콰이어트 플레이스,1
kat,겨울왕국 2,8
kat,국가부도의 날,1
kat,크레이지 핸드,10
kbh,겨울왕국 2,10
kbh,블랙머니,3
kbh,아이리시맨,9
kbk,너의 췌장을 먹고 싶어,10
kbk,러브 앳,8
kbk,얼굴없는 보스,10
kbs,나이브스 아웃,6
kbs,블랙머니,10
kbs,크롤,10
kdh,겨울왕국 2,10
kdh,클래식,10
kdh,폴라 익스프레스,10
kdh,함정,10
kee,82년생 김지영,10
kee,겨울왕국 2,9
kee,조커,10
kee,퀸카가 아니어도 좋아,10
kek,겨울왕국 2,1
kek,데드 맨,1
kek,블랙머니,1
ken,겨울왕국 2,10
ken,너의 췌장을 먹고 싶어,10
ken,오피셜 시크릿,10
ken,이터널 선샤인,9
ker,겨울왕국 2,10
ker,나를 찾아줘,10
ker,포드 V 페라리,10
kev,82년생 김지영,7
kev,겨울왕국 2,6
kev,블랙머니,10
key,겨울왕국 2,7
key,좀비랜드: 더블 탭,1
key,포드 V 페라리,10
kgs,45년 후,10
kgs,룸,10
kgs,마리안느와 마가렛,10
kha,82년생 김지영,10
kha,겨울왕국 2,4
kha,나 홀로 집에,10
kha,레옹,10
kha,터미네이터: 다크 페이트,2
kha,행동하는 양심 김대중,10
khj,그해 여름,1
khj,변신,10
khj,어드리프트:우리가 함께한 바다,1
khl,감쪽같은 그녀,9
khl,여왕 마고,9
khl,윤희에게,9
khr,겨울왕국 2,8
khr,빅 위시,9
khr,크롤,10
ki_,47미터 2,2
ki_,겨울왕국 2,10
ki_,블랙머니,1
kik,82년생 김지영,1
kik,겨울왕국 2,6
kik,연애의 목적,10
kik,주먹왕 랄프 2: 인터넷 속으로,10
kik,크롤,10
kil,나만 없어 고양이,10
kil,성실한 나라의 앨리스,10
kil,얼굴없는 보스,10
kil,해운대,2
kir,겨울왕국 2,7
kir,나를 찾아줘,1
kir,대통령의 7시간,9
kis,날씨의 아이,10
kis,미쓰 와이프,10
kis,포드 V 페라리,10
kje,감쪽같은 그녀,6
kje,겨울왕국 2,10
kje,신의 한 수: 귀수편,10
kjk,82년생 김지영,10
kjk,겨울왕국 2,8
kjk,성공시대,10
kjk,아이리시맨,1
kjk,엔젤 해즈 폴른,9
kjk,행동하는 양심 김대중,1
kjm,나를 찾아줘,9
kjm,당갈,3
kjm,세상에서 가장 아름다운 이별,10
kjo,겨울왕국 2,10
kjo,더 콜,8
kjo,말아톤,10
kjo,아이리시맨,10
kjo,파송송 계란탁,10
kjw,82년생 김지영,9
kjw,나를 찾아줘,10
kjw,뷰티 인사이드,10
kjw,크롤,10
kjy,겨울왕국 2,10
kjy,군도:민란의 시대,10
kjy,윤희에게,7
kke,겨울왕국 2,10
kke,노트르담 드 파리,6
kke,카센타,8
kkw,스파이더맨: 뉴 유니버스,1
kkw,아저씨,2
kkw,헌터 킬러,1
kky,말모이,6
kky,박화영,1
kky,크롤,1
kky,허슬러,8
klo,굿 윌 헌팅,1
klo,타이타닉,4
klo,포레스트 검프,10
kmj,겨울왕국 2,7
kmj,원스 어폰 어 타임... 인 할리우드,1
kms,82년생 김지영,10
kms,신비한 동물들과 그린델왈드의 범죄,10
kms,퍼펙트맨,10
knw,겨울왕국 2,8
knw,카센타,5
knw,크롤,9
kok,겨울왕국 2,10
kok,러브 앳,1
kok,바닐라 스카이,10
kok,분노의 윤리학,8
koo,겨울왕국 2,10
koo,아토믹 블론드,10
koo,얼굴없는 보스,10
koo,포드 V 페라리,10
koo,핸콕,10
kri,물랑 루즈,10
kri,블랙머니,8
kri,아이리시맨,9
kri,엑시트,10
kri,오네긴,10
kse,82년생 김지영,10
kse,가장 보통의 연애,10
kse,겨울왕국 2,3
kse,아담스 패밀리,10
ksh,나를 찾아줘,10
ksh,행동하는 양심 김대중,4
ksj,겨울왕국 2,10
ksj,러브 앳,10
ksj,크롤,10
ksm,82년생 김지영,10
ksm,감쪽같은 그녀,10
ksm,겨울왕국 2,1
ksm,볼트,10
ksm,알라딘,10
ksu,82년생 김지영,2
ksu,겨울왕국 2,10
ksu,오피셜 시크릿,10
ksu,크롤,2
ksw,가장 보통의 연애,6
ksw,겨울왕국 2,10
ksw,엔젤 해즈 폴른,9
ksw,타짜: 원 아이드 잭,10
ksy,나이브스 아웃,1
ksy,애나벨 집으로,10
ksy,타짜-신의 손,10
ksy,터미네이터: 다크 페이트,1
ksy,퍼스트맨,7
ksy,행동하는 양심 김대중,10
kuk,82년생 김지영,9
kuk,나이브스 아웃,10
kuk,유열의 음악앨범,10
kwa,82년생 김지영,10
kwa,나를 찾아줘,1
kwa,조커,10
kwj,겨울왕국 2,10
kwj,나 홀로 집에,10
kwj,위대한 쇼맨,10
kwo,겨울왕국,8
kwo,겨울왕국 2,10
kwo,액트 오브 밸러: 최정예 특수부대,10
kx7,악마를 보았다,10
kx7,오싹한 연애,10
kx7,주먹이 운다,5
kx7,추격자,10
kyk,82년생 김지영,8
kyk,괴물의 아이,8
kyk,더 킹: 헨리 5세,1
kyo,82년생 김지영,10
kyo,겨울왕국 2,10
kyo,국가대표,2
kyo,나를 찾아줘,10
kyo,트랜스포머: 최후의 기사,10
kyo,행동하는 양심 김대중,10
kys,겨울왕국 2,1
kys,우묵배미의 사랑,10
kys,헤로니모,1
kyu,겨울왕국 2,10
kyu,엔젤 해즈 폴른,10
kyu,조작된 도시,10
kyu,회사원,10
kyw,겨울왕국 2,6
kyw,러브 앳,10
lab,나이브스 아웃,8
lab,더 야드,10
lab,블레이드 러너,10
lab,한 솔로: 스타워즈 스토리,9
lal,겨울왕국 2,2
lal,나루토 - 대흥분! 초승달 섬의 애니멀 소동,10
lal,목소리의 형태,10
lal,크롤,8
ldk,82년생 김지영,2
ldk,겨울왕국 2,10
lec,겨울왕국 2,10
lec,나를 찾아줘,6
lec,아이리시맨,10
leg,식스 센스,10
leg,타이타닉 2,8
leg,토르: 라그나로크,10
leo,82년생 김지영,10
leo,겨울왕국 2,9
leo,좀비랜드: 더블 탭,7
let,겨울왕국 2,10
let,극장판 헬로카봇 : 달나라를 구해줘!,7
let,나를 찾아줘,10
let,뚜르: 내 생애 최고의 49일,10
let,블랙머니,4
let,행동하는 양심 김대중,10
lew,겨울왕국 2,1
lew,나를 찾아줘,10
lew,얼굴없는 보스,10
lhj,82년생 김지영,4
lhj,러브레터,10
lhj,크롤,10
lhj,해바라기,10
lhs,82년생 김지영,10
lhs,겨울왕국 2,10
lhs,완벽한 타인,10
lia,더 게임,10
lia,브레이크다운,1
lia,커런트 워,7
lik,겨울왕국 2,5
lik,메멘토,10
lik,성냥팔이 소녀의 재림,10
lik,인셉션,10
lik,카리스마,10
lik,크롤,10
lik,클레멘타인,10
lil,가장 보통의 연애,7
lil,나를 찾아줘,10
lil,죽여주는 여자,10
lil,첫잔처럼,7
lim,기생충,8
lim,러브 앳,8
lim,삽질,10
lim,엔젤 해즈 폴른,10
lim,터미네이터 2:오리지널,1
lim,포드 V 페라리,1
lio,82년생 김지영,1
lio,반 헬싱,4
lio,어제 일은 모두 괜찮아,10
lis,겨울왕국 2,1
lis,남자사용설명서,10
lis,다크 나이트,9
lis,조이,10
lis,클로버필드,7
liv,겨울왕국 2,10
liv,나를 찾아줘,10
liv,로맨틱 홀리데이,10
liv,벌새,4
liv,스타 이즈 본,10
liv,윤희에게,10
liv,중경삼림,10
liv,호랑이와 눈,10
liz,겨울왕국 2,7
liz,귀신의 향기,9
ljh,겨울왕국 2,8
ljh,마셰티,6
ljh,뷰티풀 투모로우,10
ljh,조 블랙의 사랑,10
ljk,뺑반,10
ljk,삽질,1
ljk,원스 어폰 어 타임... 인 할리우드,1
ljk,이보다 더 좋을 순 없다,6
ljm,변호인,6
ljm,행동하는 양심 김대중,9
ljy,82년생 김지영,1
ljy,나를 찾아줘,6
ljy,크롤,10
lll,겨울왕국 2,10
lll,나를 찾아줘,1
lll,러브 앳,10
lll,뷰티풀 데이즈,7
lmj,겨울왕국 2,2
lmj,알라딘,10
lmj,크롤,10
lon,겨울왕국 2,4
lon,러브 앳,9
lon,어바웃 타임,8
lon,원스 어폰 어 타임... 인 할리우드,8
los,겨울왕국 2,10
lot,감쪽같은 그녀,10
lot,겨울왕국 2,1
lot,나를 찾아줘,9
low,겨울왕국 2,10
low,러브 앳,6
low,윤희에게,10
lsy,겨울왕국 2,2
lsy,엔젤 해즈 폴른,10
lsy,오픈 워터,1
lyj,겨울왕국 2,10
lyj,의형제,10
lyr,겨울왕국 2,10
lyr,벌새,8
lyr,크롤,10
m29,겨울왕국 2,1
m29,나를 찾아줘,10
m29,블랙머니,10
mad,겨울왕국 2,8
mad,나이브스 아웃,10
mad,윤희에게,10
mad,조커,10
mad,크롤,1
mad,포드 V 페라리,10
mag,러브 앳,10
mag,신의 한 수: 귀수편,8
mag,증인,10
mag,핸콕,8
mai,대가리2-학교무림,8
mai,삽질,2
mai,위!,6
mai,크롤,10
mas,82년생 김지영,10
mas,감쪽같은 그녀,10
mas,겨울왕국 2,2
mat,겨울왕국 2,10
mat,얼라이드,9
mat,포드 V 페라리,6
max,82년생 김지영,10
max,아이리시맨,1
max,이터널 선샤인,10
max,타이타닉,8
may,블랙머니,10
may,아이리시맨,10
may,터미네이터: 다크 페이트,10
mec,82년생 김지영,10
mec,나를 찾아줘,1
mec,러브 앳,8
mec,원스 어폰 어 타임... 인 할리우드,10
mei,겨울왕국 2,6
mei,람보 : 라스트 워,10
mei,메기,8
mei,미쓰백,8
mei,벌새,1
mei,행동하는 양심 김대중,2
mel,82년생 김지영,10
mel,그랜드 부다페스트 호텔,10
mel,나를 찾아줘,10
mel,아이리시맨,1
mel,엔젤 해즈 폴른,10
mel,예스터데이,9
mel,크롤,10
mem,101번째 프로포즈,10
mem,겨울왕국 2,1
mem,나이브스 아웃,10
mep,삽질,6
mep,서유기 2 - 선리기연,1
mep,애드 아스트라,8
mep,어벤져스: 엔드게임,10
mer,겨울왕국 2,8
mer,나를 찾아줘,10
mer,엔젤 해즈 폴른,10
met,겨울왕국 2,10
met,"그 시절, 우리가 좋아했던 소녀",2
met,기생충,1
met,원스 어폰 어 타임... 인 할리우드,10
mid,겨울왕국 2,10
mid,나이브스 아웃,10
mid,얼굴없는 보스,10
mik,겨울왕국 2,8
mik,윤희에게,10
mik,크롤,10
mik,허슬러,1
mir,82년생 김지영,1
mir,겨울왕국 2,10
mir,바람 바람 바람,7
mir,신의 한 수: 귀수편,6
mmk,82년생 김지영,2
mmk,겨울왕국 2,10
mmk,광대들: 풍문조작단,10
mmk,기생충,10
mmk,나쁜 녀석들: 더 무비,10
mmk,분노의 질주: 홉스&쇼,10
mmk,엑시트,4
mmk,조커,1
moa,겨울왕국 2,7
moa,나를 찾아줘,10
moa,포드 V 페라리,1
mod,나를 찾아줘,8
mod,신의 한 수: 귀수편,6
mod,월터의 상상은 현실이 된다,10
mok,82년생 김지영,9
mok,나를 찾아줘,1
mok,러브 앳,4
mom,겨울왕국 2,1
mom,나를 찾아줘,10
mor,겨울왕국 2,10
mor,나를 찾아줘,10
mor,악인전,10
msk,감쪽같은 그녀,1
msk,블랙머니,10
msk,포드 V 페라리,9
mun,겨울왕국 2,10
mun,남자가 사랑할 때,10
mun,미이라 2,1
mun,영주,10
mun,크롤,10
mus,겨울왕국 2,10
mus,나를 찾아줘,10
mus,얼굴없는 보스,10
mye,겨울왕국 2,8
mye,나이브스 아웃,8
mye,영웅본색,10
mye,조커,6
mye,크롤,10
myk,82년생 김지영,10
myk,겨울왕국 2,10
myk,더 보이,1
myk,리턴드,1
myl,겨울왕국 2,8
myl,말레피센트 2,2
myl,알라딘,10
myl,얼굴없는 보스,6
nab,겨울왕국 2,1
nab,나를 찾아줘,10
nab,러브 앳,10
nab,성난황소,1
nan,겨울왕국,8
nan,나이브스 아웃,1
nan,삽질,10
nan,퍼펙트맨,7
nap,얼굴없는 보스,10
nap,엔젤 해즈 폴른,8
nap,윤희에게,10
nar,꿈의 제인,8
nar,나를 찾아줘,9
nar,클레멘타인,4
nar,포드 V 페라리,8
nay,겨울왕국 2,10
nay,나쁜 녀석들: 더 무비,10
nay,악인전,10
nay,터미네이터: 다크 페이트,8
nbi,나의 특별한 형제,8
nbi,"마진 콜: 24시간, 조작된 진실",9
nbi,와일드 로즈,10
nca,82년생 김지영,1
nca,얼굴없는 보스,10
nca,엑스맨: 다크 피닉스,4
nca,영하의 바람,1
ncp,더 랍스터,10
ncp,봉오동 전투,5
ncp,안나,10
ncp,프리스트,10
nel,러브 앳,10
nel,사랑의 레시피,10
nel,엘리제궁의 요리사,10
nel,윤희에게,1
neo,겨울왕국 2,10
neo,공작,2
neo,크롤,6
net,겨울왕국 2,10
neu,47미터 2,10
neu,조커,8
neu,퍼펙트맨,2
nev,감쪽같은 그녀,10
nev,추격자,1
nev,컷 런스 딥,10
nev,클로버필드 10번지,10
nev,행동하는 양심 김대중,10
nev,화차,10
new,82년생 김지영,10
new,겨울왕국 2,10
new,러브 앳,10
new,얼굴없는 보스,1
new,엔더스 게임,9
new,포드 V 페라리,10
new,헬보이,6
nik,겨울왕국 2,10
nik,공동경비구역 JSA,10
nik,나를 찾아줘,10
nik,윤희에게,9
nik,"조제, 호랑이 그리고 물고기들",1
nik,조커,9
nin,겨울왕국 2,2
nin,나를 찾아줘,10
nin,나이브스 아웃,10
nin,블랙머니,1
nod,수영장으로 간 남자들,10
nod,시월애,7
nod,엔젤 해즈 폴른,10
noe,나를 찾아줘,10
noe,블랙머니,10
noe,조커,10
non,감쪽같은 그녀,10
non,겨울왕국 2,10
non,기생충,8
non,블랙머니,9
non,빅쇼트,10
non,유전,2
nov,결혼 이야기,8
nov,라이프 오브 파이,1
nov,이타미 준의 바다,1
nov,집으로 가는 길,10
nov,토이 스토리 4,8
nrn,가장 보통의 연애,10
nrn,변신,8
nrn,블랙머니,10
nss,겨울왕국 2,10
nss,두번할까요,10
nss,백설공주 살인사건,10
nss,에스코바르,10
nss,"작년 겨울, 너와 이별",9
ogr,아이리시맨,9
ogr,위!,10
ohh,겨울왕국 2,10
ohh,나이브스 아웃,10
ohh,블랙머니,4
ohm,더 룸,10
ohm,아이리시맨,9
ohm,크롤,10
oli,가려진 시간,6
oli,겨울왕국 2,8
oli,더 킹: 헨리 5세,9
one,82년생 김지영,10
one,겨울왕국 2,1
one,나를 찾아줘,9
one,블랙머니,10
one,아이리시맨,10
one,엔젤 해즈 폴른,8
oni,나를 찾아줘,1
oni,아이리시맨,10
oni,조커,10
onl,가버나움,10
onl,겨울왕국 2,10
onl,결혼 이야기,10
onl,블랙머니,5
onl,우는 남자,10
opt,악마는 프라다를 입는다,8
opt,얼굴없는 보스,6
opt,타짜,10
ora,감쪽같은 그녀,10
ora,겨울왕국 2,7
ora,결혼 이야기,1
ora,블랙머니,10
ora,앵커,9
ori,겨울왕국 2,1
ori,스키타이: 불멸의 전사,10
ori,우묵배미의 사랑,10
osh,82년생 김지영,10
osh,겨울왕국 2,10
osh,뺑반,10
osh,우리를 갈라놓는 것들,8
pae,겨울왕국 2,1
pae,숙명,6
pak,겨울왕국 2,10
pak,판도라,9
pak,해리 포터와 죽음의 성물 - 2부,10
pal,감쪽같은 그녀,8
pal,겨울왕국 2,6
pal,결혼 이야기,8
pal,아이리시맨,6
pal,코만도: 라스트 액션 히어로,8
pan,가장 보통의 연애,9
pan,겨울왕국 2,10
pan,자전차왕 엄복동,2
pap,겨울왕국 2,10
pap,삽질,5
pap,아이리시맨,6
pas,겨울왕국 2,9
pas,매드맥스: 분노의 도로,10
pas,분노의 질주: 홉스&쇼,4
pas,아메리칸 하이스트,2
pas,아빠는 예쁘다,10
pas,장기왕: 가락시장 레볼루션,10
pas,트리플 엑스 리턴즈,10
pau,겨울왕국 2,8
pau,그녀,10
pau,나이브스 아웃,6
pau,허슬러,8
pea,82년생 김지영,9
pea,겨울왕국 2,9
pea,나를 찾아줘,9
pea,아이리시맨,4
pea,크롤,10
pea,포드 V 페라리,2
pen,나를 찾아줘,10
pen,러브 앳,9
pen,집 이야기,10
pen,카센타,10
pet,82년생 김지영,10
pet,겨울왕국 2,10
pet,블랙머니,1
pet,빽 투 더 퓨쳐,8
pha,러브 앳,10
pha,인 디 에어,1
pha,주먹왕 랄프 2: 인터넷 속으로,10
pic,나를 찾아줘,10
pic,속닥속닥,10
pic,포드 V 페라리,8
pic,행동하는 양심 김대중,8
pif,겨울왕국 2,10
pif,말레피센트 2,10
pif,알라딘,7
pif,터미네이터: 다크 페이트,10
pig,82년생 김지영,10
pig,결혼 이야기,6
pig,나를 찾아줘,10
pje,82년생 김지영,10
pje,블랙머니,10
pje,크롤,10
pjh,겨울왕국 2,1
pjh,나이브스 아웃,9
pjh,블랙머니,10
pjh,엽기적인 그녀,9
pjh,제 7기사단,10
pjk,양자물리학,4
pjk,조커,10
pjk,터미네이터: 다크 페이트,10
pjs,나쁜 녀석들: 더 무비,6
pjs,스파이더맨: 파 프롬 홈,10
pjs,알라딘,10
pjs,양자물리학,10
pjs,타짜: 원 아이드 잭,8
pjt,감쪽같은 그녀,10
pjt,겨울왕국 2,8
pjt,집 이야기,9
pla,겨울왕국 2,10
pla,나를 찾아줘,8
pla,스티브 잡스,10
pla,행동하는 양심 김대중,9
poi,블레이드 러너 2049,10
poi,크롤,10
poi,행동하는 양심 김대중,9
poo,가장 보통의 연애,8
poo,나를 찾아줘,10
poo,블랙머니,9
poo,오피셜 시크릿,10
poo,크롤,10
pop,겨울왕국 2,10
pop,고스트 헌터: 얼음 몬스터의 부활,7
pop,더 룸,10
pop,목격자,4
pop,베일리 어게인,8
pop,블랙머니,10
pop,포드 V 페라리,8
pos,겨울왕국 2,10
pos,나를 찾아줘,10
pos,뺑반,3
pot,겨울왕국 2,8
pot,러브 앳,10
pot,아이리시맨,1
pow,겨울왕국 2,10
pow,러브 앳,8
pow,카센타,1
pow,포드 V 페라리,10
pre,82년생 김지영,6
pre,겨울왕국 2,10
pre,나를 찾아줘,6
pre,백악관 최후의 날,4
pre,블랙머니,10
pri,겨울왕국 2,10
pri,람보 : 라스트 워,10
pri,아이리시맨,7
pri,채피,10
pri,콜드 체이싱,10
pri,콰이어트 플레이스,7
pro,82년생 김지영,6
pro,겨울왕국 2,8
pro,나를 찾아줘,2
prs,82년생 김지영,10
prs,안나,10
prs,어쩌다 룸메이트,10
psp,47미터 2,10
psp,겨울왕국 2,8
psp,그것: 두 번째 이야기,8
psp,더 룸,10
psp,메기,2
psp,애드 아스트라,6
puf,겨울왕국 2,2
puf,나를 찾아줘,4
puf,유열의 음악앨범,1
pur,82년생 김지영,3
pur,나를 찾아줘,8
pur,부당거래,10
pur,포드 V 페라리,10
qhd,겨울왕국 2,10
qhd,나를 찾아줘,10
qkd,겨울왕국 2,8
qkd,삽질,1
qkd,스파이더맨: 파 프롬 홈,10
qkd,윤희에게,5
qkd,헤로니모,9
qkq,겨울왕국 2,10
qkq,바람과 함께 사라지다,1
qls,시월애,8
qls,클레멘타인,10
qls,타이타닉,9
qls,텐 아이템 오어 레스,5
qor,겨울왕국 2,1
qor,벌새,10
qor,진주만,10
qor,콰이어트 플레이스,7
qud,감쪽같은 그녀,2
qud,겨울왕국 2,10
qud,블랙머니,10
qud,서버비콘,10
que,겨울왕국 2,10
que,김복동,8
que,나를 찾아줘,10
que,블랙머니,2
que,포드 V 페라리,1
qus,가장 보통의 연애,6
qus,겨울왕국 2,10
qus,꼭두각시,10
qwq,나를 찾아줘,10
qwq,엔젤 해즈 폴른,2
qwq,터미네이터: 다크 페이트,1
rai,겨울왕국 2,9
rai,러브 앳,10
rai,벌새,10
rai,윤희에게,10
rai,채피,10
rai,칠드런 오브 맨,10
ran,겨울왕국 2,8
ran,변신,1
ran,행동하는 양심 김대중,10
rea,겨울왕국 2,10
rea,국가부도의 날,10
rea,신의 한 수: 귀수편,10
rea,아이리시맨,10
rea,암수살인,6
rea,얼굴,10
reb,겨울왕국 2,8
reb,말레피센트 2,10
reb,삽질,10
rei,겨울왕국 2,10
rei,플라이트 93,10
rev,82년생 김지영,10
rev,나를 찾아줘,10
rha,말레피센트 2,10
rha,유열의 음악앨범,6
rha,크롤,10
rhd,겨울왕국 2,2
rhd,나를 찾아줘,9
rhd,주먹왕 랄프 2: 인터넷 속으로,10
rhd,포드 V 페라리,5
rhd,호텔 뭄바이,9
rhk,감쪽같은 그녀,10
rhk,나를 찾아줘,8
rhk,조커,10
rhk,콜보이,10
rjs,겨울왕국 2,10
rjs,김씨 표류기,8
rjs,이웃집 스타,7
rjs,클레멘타인,10
rld,겨울왕국 2,3
rld,얼굴없는 보스,10
rld,좋아해줘,9
rmf,겨울왕국 2,10
rmf,인랑,10
rms,나를 찾아줘,10
rms,러브 앳,10
rms,크롤,10
rms,해피 엔드,10
rnj,겨울왕국 2,1
rnj,범블비,10
rnj,블랙머니,10
rnj,행동하는 양심 김대중,10
rnt,겨울왕국 2,10
rnt,람보 : 라스트 워,2
roa,다크 나이트,10
roa,동주,7
roa,포드 V 페라리,2
rob,겨울왕국 2,10
rob,터스크,8
roc,라이온 킹,10
roc,박화영,10
roc,얼굴없는 보스,2
roc,원스 어폰 어 타임... 인 할리우드,10
roc,타짜: 원 아이드 잭,10
roc,혐오스런 마츠코의 일생,10
rod,노인을 위한 나라는 없다,8
rod,알리타: 배틀 엔젤,10
rod,퍼스트맨,6
rom,감쪽같은 그녀,8
rom,겨울왕국 2,8
rom,블랭크,8
rom,업그레이드,9
rom,터미네이터: 다크 페이트,4
ros,겨울왕국 2,8
ros,나를 찾아줘,6
ros,락 오브 에이지,8
ros,메가로돈,10
ros,엔젤 해즈 폴른,1
ros,인디펜던스 데이: 리써전스,9
rot,82년생 김지영,1
rot,가장 보통의 연애,5
rot,겨울왕국 2,1
rot,안나,10
rub,82년생 김지영,10
rub,겨울왕국 2,10
rub,나를 찾아줘,1
rur,람보 : 라스트 워,10
rur,크롤,9
rur,포드 V 페라리,10
rus,82년생 김지영,1
rus,기생충,1
rus,나를 찾아줘,10
sad,82년생 김지영,10
sad,겨울왕국 2,10
sad,봄날은 간다,10
sad,부당거래,10
sad,태극기 휘날리며,6
sah,겨울왕국 2,9
sah,신의 한 수: 귀수편,10
sah,윤희에게,10
sai,겨울왕국 2,9
sai,나를 찾아줘,10
sai,너를 만난 여름,10
sai,러브 앳,1
sai,미래에게 생긴 일,1
sai,블랙머니,1
sas,82년생 김지영,10
sas,나이브스 아웃,10
sas,복수혈전,8
sas,블랙머니,10
sas,양자물리학,1
saw,공기인형,9
saw,제미니 맨,10
saw,해피 데스데이 2 유,8
saw,헤로니모,4
say,겨울왕국 2,10
say,나를 찾아줘,9
say,러브 앳,1
say,알라딘,10
say,조커,10
say,허슬러,5
sbk,82년생 김지영,8
sbk,겨울왕국 2,4
sbk,플란다스의 개,2
sbs,겨울왕국 2,10
sbs,"나, 다니엘 블레이크",1
sd3,기생충,10
sd3,조커,10
sd3,터미네이터: 다크 페이트,10
sea,82년생 김지영,1
sea,겨울왕국 2,4
sea,노팅 힐,9
sea,맨 프럼 어스,10
sea,버닝,7
sea,블랙머니,1
sea,인사이드 아웃,10
sea,포드 V 페라리,10
see,결혼 이야기,1
see,나를 찾아줘,10
see,나의 소녀시대,10
see,타짜: 원 아이드 잭,10
see,포드 V 페라리,10
see,행동하는 양심 김대중,9
sei,겨울왕국 2,10
sei,삽질,6
sei,원스 어폰 어 타임... 인 할리우드,10
sei,위대한 쇼맨,10
sej,82년생 김지영,2
sej,겨울왕국 2,10
sel,겨울왕국 2,10
sel,조커,2
sel,터미네이터: 다크 페이트,10
sel,퍼펙트맨,10
sem,나를 찾아줘,9
sem,블랙머니,10
sen,겨울왕국 2,1
sen,너의 여자친구,10
sen,블랙머니,8
ser,겨울왕국 2,1
ser,머드,6
ser,봄날은 간다,10
ser,블랙머니,10
ser,서프라이즈,10
ser,엑시트,1
ser,터미네이터: 다크 페이트,9
ses,겨울왕국 2,10
ses,나를 찾아줘,10
ses,퍼펙트맨,10
sev,겨울왕국 2,9
sev,베카신!,10
sev,블랙머니,8
sey,겨울왕국 2,10
sey,스티브 잡스,10
sey,행동하는 양심 김대중,10
sey,헬로우 고스트,10
shd,겨울왕국 2,1
shd,블랙머니,10
shd,엔젤 해즈 폴른,10
she,겨울왕국 2,8
she,굿 다이노,8
she,나이브스 아웃,10
she,블랙머니,10
she,소녀X소녀,10
she,윤희에게,9
shf,82년생 김지영,10
shf,겨울왕국 2,10
shf,양자물리학,10
shf,얼굴없는 보스,10
shk,겨울왕국,10
shk,겨울왕국 2,10
shk,블랙머니,10
shk,알라딘,6
shk,엑시트,8
shk,토이 스토리 4,10
sho,겨울왕국 2,8
sho,나를 찾아줘,10
sho,배반의 장미,10
sho,첫잔처럼,10
sho,컨택트,8
sho,포드 V 페라리,1
shr,82년생 김지영,10
shr,겨울왕국 2,10
shr,콰이어트 플레이스,1
shr,행동하는 양심 김대중,6
shu,겨울왕국 2,10
shu,나를 찾아줘,4
shu,윤희에게,1
sia,겨울왕국 2,10
sia,인크레더블,10
sia,행동하는 양심 김대중,10
sil,82년생 김지영,10
sil,겨울왕국 2,7
sil,아이리시맨,2
sil,터미네이터: 다크 페이트,8
sjy,기생충,10
sjy,나를 찾아줘,10
sjy,대통령의 7시간,9
sjy,블랙머니,10
sjy,원스 어폰 어 타임... 인 할리우드,1
ska,감쪽같은 그녀,10
ska,나를 찾아줘,8
ska,신의 한 수: 귀수편,7
ska,크롤,10
ska,퍼펙트 타겟,10
ska,포드 V 페라리,10
skd,겨울왕국 2,10
skd,"괜찮아요, 미스터 브래드",7
skd,얼굴없는 보스,10
skd,엔젤 해즈 폴른,8
skd,윤희에게,10
skd,조커,10
skd,행동하는 양심 김대중,10
ske,배반의 장미,6
ske,스윙키즈,6
ske,헌터 킬러,10
ske,호텔 뭄바이,1
skj,나를 찾아줘,9
skj,우묵배미의 사랑,10
skj,웃는 남자,10
sks,82년생 김지영,10
sks,겨울왕국 2,8
sks,신의 한 수: 귀수편,1
sks,조커,9
skw,겨울왕국 2,10
skw,나이브스 아웃,10
skw,러빙 빈센트,9
skw,모아나,8
skw,얼굴없는 보스,9
skw,잡식가족의 딜레마,8
skw,조작된 도시,8
skw,콰이어트 플레이스,10
sla,겨울왕국 2,6
sla,나를 찾아줘,7
sla,얼굴없는 보스,10
slp,나쁜 녀석들: 더 무비,10
slp,라이온 킹,10
slp,스타렛,10
slp,투어리스트,10
sma,극한직업,1
sma,다시 태어나도 우리,10
sma,람보 : 라스트 워,10
sma,블랙머니,10
sma,임금님의 사건수첩,9
smi,겨울왕국 2,7
smi,기생충,9
smi,나를 찾아줘,10
smi,블랙머니,10
smi,조커,10
smi,포드 V 페라리,8
smk,감쪽같은 그녀,1
smk,겨울왕국 2,10
smk,나이브스 아웃,10
sms,겨울왕국 2,6
sms,나를 찾아줘,10
sms,주먹왕 랄프,2
sms,주먹왕 랄프 2: 인터넷 속으로,10
sno,겨울왕국 2,9
sno,나이브스 아웃,10
soa,겨울왕국 2,1
soa,알리타: 배틀 엔젤,9
soa,얼굴없는 보스,10
soa,윤희에게,9
sod,나를 찾아줘,10
sod,미션,10
sod,배심원들,8
sod,아이리시맨,10
sol,나를 찾아줘,10
sol,얼굴없는 보스,7
sol,우묵배미의 사랑,1
som,겨울왕국 2,10
som,나를 찾아줘,1
som,우리가 사랑한 시간,10
som,툴리,10
sop,겨울왕국 2,10
sop,러브 앳,8
sop,블랙머니,1
sop,알라딘,10
sor,겨울왕국 2,10
sor,나를 찾아줘,1
sor,러브 앳,8
sor,로리타,2
sos,82년생 김지영,4
sos,겨울왕국 2,1
sos,나를 찾아줘,8
sos,다시 태어나도 우리,1
sos,무문관,8
sos,원스 어폰 어 타임... 인 할리우드,4
soy,겨울왕국 2,6
soy,나를 찾아줘,10
soy,블랙머니,1
soy,윤희에게,10
spa,겨울왕국 2,10
spa,블랙머니,8
spr,겨울왕국 2,1
spr,더 폰,10
srh,매기스 플랜,10
srh,몽 루아,10
srh,어바웃 레이,8
srh,원 와일드 모먼트,1
srh,윤희에게,10
ssa,82년생 김지영,10
ssa,겨울왕국 2,7
sse,82년생 김지영,8
sse,겨울왕국 2,10
sse,블랙머니,1
sse,아빠는 예쁘다,6
sse,행복을 찾아서,9
ssi,겨울왕국 2,10
ssi,장사리 : 잊혀진 영웅들,10
ssk,82년생 김지영,10
ssk,겨울왕국 2,5
ssl,아이리시맨,4
ssl,얼굴없는 보스,8
ssl,치즈인더트랩,2
sss,"당신, 거기 있어줄래요",10
sss,얼굴없는 보스,8
sss,카메라를 멈추면 안 돼!,10
sss,카센타,10
ssw,겨울왕국 2,8
ssw,나이브스 아웃,10
ssw,크롤,8
sto,겨울왕국 2,10
sto,나를 찾아줘,10
sto,블랙머니,7
str,개를 훔치는 완벽한 방법,1
str,겨울왕국 2,10
sub,겨울왕국 2,10
sub,끝까지 간다,4
sub,나를 찾아줘,1
sub,독전,6
sub,매드맥스: 분노의 도로,10
sub,크롤,9
sue,가버나움,10
sue,겨울왕국 2,10
sue,스타워즈 에피소드 2 - 클론의 습격,10
sue,스타워즈 에피소드 3 - 시스의 복수,1
sue,윤희에게,10
sug,겨울왕국 2,7
sug,아이리시맨,7
sug,조커,10
suj,겨울왕국 2,10
suj,러브 앳,10
suj,택시운전사,10
suj,"힘을 내요, 미스터 리",10
sul,겨울왕국 2,7
sul,나를 찾아줘,1
sul,나이브스 아웃,1
sul,날씨의 아이,10
sul,신의 한 수: 귀수편,10
sum,겨울왕국 2,10
sum,먼 훗날 우리,10
sum,블랙머니,4
sum,엑시트,8
sup,겨울왕국 2,10
sup,블랙머니,5
sup,신의 한 수: 귀수편,4
sup,아이리시맨,9
sur,선물,6
sur,의형제,10
sur,해피 피트 2,10
swe,감쪽같은 그녀,2
swe,겨울왕국 2,9
swe,관상,8
swe,기생충,10
syd,겨울왕국 2,4
syd,파리 텍사스,10
syd,행동하는 양심 김대중,1
syl,겨울왕국 2,10
syl,오블리비언,10
syl,컨택트,10
tab,겨울왕국 2,10
tab,나를 찾아줘,10
tab,행동하는 양심 김대중,10
tac,감쪽같은 그녀,10
tac,신문기자,10
tac,얼굴없는 보스,10
tai,82년생 김지영,1
tai,겨울왕국 2,1
tai,나를 찾아줘,2
tai,더 콜,10
tai,밀양,2
tai,아이리시맨,2
tai,유신의 추억 - 다카키 마사오의 전성시대,8
tak,82년생 김지영,10
tak,겨울왕국 2,10
tak,나를 찾아줘,8
tak,대통령의 7시간,10
tak,블랙머니,10
tak,포드 V 페라리,9
tak,행동하는 양심 김대중,10
tan,82년생 김지영,1
tan,겨울왕국 2,5
ten,겨울왕국 2,10
ten,기생충,10
ten,조커,10
tha,겨울왕국 2,1
tha,나를 찾아줘,10
thf,겨울왕국 2,6
thf,미녀와 야수,10
thf,캐롤,10
thg,겨울왕국 2,8
thg,러브 앳,10
thi,겨울왕국 2,10
thi,원스 어폰 어 타임 인 아메리카,9
tia,그것: 두 번째 이야기,8
tia,나이브스 아웃,8
tia,석조저택 살인사건,1
tia,어바웃 체리,9
tia,지진새,10
tia,하나와 앨리스,10
tia,희생부활자,10
tig,82년생 김지영,1
tig,모노노케 히메,10
tig,바람계곡의 나우시카,4
tig,엽기적인 그녀 2,1
tig,윤희에게,1
tim,82년생 김지영,1
tim,낭만닥터 김사부,10
tim,선물,10
tin,82년생 김지영,9
tin,겨울왕국 2,1
tin,아이리시맨,5
tin,얼굴없는 보스,1
tjf,나를 찾아줘,8
tjf,러브 앳,3
tjf,원스 어폰 어 타임... 인 할리우드,2
tjr,겨울왕국 2,6
tjr,날씨의 아이,10
tjr,아더왕 이야기,1
tjr,폴라 익스프레스,10
tka,겨울왕국 2,10
tka,나를 찾아줘,10
tke,겨울왕국 2,8
tke,성난 변호사,10
tke,포드 V 페라리,10
tla,나를 찾아줘,7
tla,아홉살 인생,8
tla,크롤,8
tlg,김씨 표류기,10
tlg,라이언 일병 구하기,10
tlg,헤로니모,10
tnd,12번째 솔저,7
tnd,겨울왕국 2,10
tnw,가장 보통의 연애,4
tnw,겨울왕국 2,1
tnw,블랙머니,10
tnw,쥬라기공원: 다이노어택,1
tod,82년생 김지영,9
tod,겨울왕국 2,10
tod,엑시트,6
toe,스파이더맨: 파 프롬 홈,10
toe,애드 아스트라,10
toe,좀비랜드: 더블 탭,10
ton,겨울왕국 2,10
ton,악마를 보았다,10
ton,원스 어폰 어 타임... 인 할리우드,8
ton,판소리 복서,10
top,82년생 김지영,10
top,겨울왕국 2,10
top,나를 찾아줘,5
top,퀵,10
toy,겨울왕국 2,10
toy,얼굴없는 보스,10
toy,유감스러운 도시,1
tpd,감쪽같은 그녀,10
tpd,국가부도의 날,4
tpd,나를 찾아줘,10
tpd,페이스 오프,10
tra,겨울왕국 2,10
tra,블랙머니,6
tra,얼굴없는 보스,1
tra,업사이드,1
tto,죠스,8
twi,겨울왕국 2,10
twi,신의 한 수: 귀수편,10
twi,카센타,9
twi,터미네이터: 다크 페이트,8
twi,허슬러,9
two,나이브스 아웃,10
two,돈키호테를 죽인 사나이,8
two,성실한 나라의 앨리스,8
two,원스 어폰 어 타임... 인 할리우드,8
two,코알라,10
two,콰이어트 플레이스,10
two,크롤,10
ud2,겨울왕국 2,10
ud2,조커,2
ud2,주먹왕 랄프 2: 인터넷 속으로,7
ult,82년생 김지영,8
ult,나이브스 아웃,10
ult,블랙머니,9
ult,아이리시맨,9
uni,82년생 김지영,8
uni,블랙머니,8
uni,성난황소,9
uni,포드 V 페라리,1
ura,고지전,10
ura,공동경비구역 JSA,2
ura,용서받지 못한 자,10
usu,겨울왕국 2,10
usu,성냥팔이 소녀의 재림,10
usu,조커,7
val,겨울왕국 2,8
val,김씨 표류기,10
val,시실리 2km,10
val,엔젤 해즈 폴른,10
vel,겨울왕국 2,1
vel,나를 찾아줘,1
vel,윤희에게,10
ver,겨울왕국 2,10
ver,블랙머니,10
ver,파리의 밤이 열리면,10
viv,겨울왕국 2,4
viv,악마를 보았다,10
viv,피아니스트의 전설,10
vne,가장 보통의 연애,10
vne,엔젤 해즈 폴른,2
vne,완벽한 타인,5
vne,집 이야기,10
voi,나를 찾아줘,10
voi,오션스 13,7
voi,죄 많은 소녀,10
wan,겨울왕국 2,10
wan,러브 앳,10
wan,벌새,10
wat,82년생 김지영,10
wat,겨울왕국 2,1
wat,대통령의 7시간,2
wat,블랙머니,10
wes,겨울왕국 2,10
wes,나를 찾아줘,10
wes,우묵배미의 사랑,9
wha,82년생 김지영,8
wha,겨울왕국 2,2
wha,나이브스 아웃,6
wha,러브 앳,10
wha,크롤,10
wha,화이트 칙스,10
whg,82년생 김지영,10
whg,로그 원: 스타워즈 스토리,1
whg,제미니 맨,10
why,겨울왕국 2,9
why,라이온 킹,10
why,마이펫의 이중생활2,10
why,알라딘,10
wil,겨울왕국 2,10
wil,말모이,7
wil,조커,8
wis,82년생 김지영,10
wis,겨울왕국 2,1
wis,나를 찾아줘,8
wis,유열의 음악앨범,8
wla,가디언즈,1
wla,나를 찾아줘,10
wla,보헤미안 랩소디,8
wla,숏텀 12,1
wnd,감쪽같은 그녀,10
wnd,겨울왕국 2,10
wnd,굿 윌 헌팅,10
wng,겨울왕국 2,8
wng,얼굴없는 보스,8
wng,오리지널 씬,9
won,82년생 김지영,10
won,겨울왕국 2,7
won,나를 찾아줘,6
won,블랙머니,10
won,엑시트,10
wor,82년생 김지영,1
wor,나를 찾아줘,8
wor,크롤,10
wow,28일 후,1
wow,감쪽같은 그녀,10
wow,나를 찾아줘,10
wri,82년생 김지영,8
wri,겨울왕국 2,6
wri,원스 어폰 어 타임... 인 할리우드,10
www,82년생 김지영,2
www,겨울왕국 2,10
www,러브 앳,8
xio,가장 보통의 연애,6
xio,겨울왕국 2,6
xio,신의 한 수: 귀수편,10
xio,제럴드의 게임,10
xio,조커,10
xog,82년생 김지영,10
xog,가장 보통의 연애,9
xog,나이브스 아웃,10
yam,겨울왕국 2,8
yam,양자물리학,8
yam,얼굴없는 보스,10
yan,겨울왕국 2,6
yan,스파이더맨: 뉴 유니버스,10
yan,아이리시맨,10
yan,엑시트,8
yan,원스 어폰 어 타임... 인 할리우드,1
yas,82년생 김지영,1
yas,겨울왕국 2,2
yas,니나 내나,4
yas,보헤미안 랩소디,1
yas,원스 어폰 어 타임... 인 할리우드,10
yas,트로이,6
yas,포드 V 페라리,8
ydh,감쪽같은 그녀,9
ydh,겨울왕국 2,8
ydh,우묵배미의 사랑,10
ydh,조커,2
ydh,퍼펙트맨,10
yea,겨울왕국 2,10
yea,나쁜 녀석들: 더 무비,10
yea,조커,1
yeo,겨울왕국 2,10
yeo,결혼 이야기,10
yeo,나를 찾아줘,1
yeo,윤희에게,8
yeo,포드 V 페라리,10
yer,겨울왕국 2,1
yer,나를 찾아줘,8
yes,나를 찾아줘,1
yes,논스톱,6
yes,안나,10
yhs,82년생 김지영,10
yhs,장사리 : 잊혀진 영웅들,10
yhs,크롤,9
yin,겨울왕국 2,6
yin,블랙머니,10
yin,허슬러,1
yjh,겨울왕국 2,10
yjh,유열의 음악앨범,1
yjn,나를 찾아줘,10
yjn,나이브스 아웃,10
yjn,조커,10
yjr,블랙머니,10
yjr,사자,10
yjr,알라딘,4
yos,겨울왕국 2,10
yos,엔젤 해즈 폴른,9
yos,조커,10
ysy,겨울왕국 2,10
ysy,김씨 표류기,9
ysy,블랙머니,10
ysy,크게 될 놈,10
yui,겨울왕국 2,8
yui,나고야 살인사건,7
yui,러브 앳,8
yui,한낮의 유성,1
yuj,겨울왕국 2,8
yuj,러브 앳,10
yuj,크롤,10
yur,겨울왕국 2,10
yur,라이온 킹,10
yur,러브 앳,10
yur,블랙머니,1
yus,나를 찾아줘,8
yus,러브 액츄얼리,10
yus,러브 앳,9
yus,마담 싸이코,7
yus,사탄의 인형,10
yus,삽질,10
yuy,겨울왕국 2,8
yuy,결혼 이야기,10
yuy,나를 찾아줘,10
yyj,겨울왕국 2,6
yyj,결혼 이야기,8
yyj,나를 찾아줘,4
yyj,삽질,4
yyj,야관문: 욕망의 꽃,10
yyy,82년생 김지영,8
yyy,나를 찾아줘,8
yyy,프렌즈 위드 베네핏,1
zen,겨울왕국 2,9
zen,디파티드,8
zen,신의 한 수: 귀수편,7
zer,82년생 김지영,10
zer,게이트,5
zer,나를 찾아줘,10
zer,더 넌,1
zer,봉오동 전투,6
zer,올드보이,6
zin,감쪽같은 그녀,10
zin,너의 췌장을 먹고 싶어,7
zin,사랑할 때 이야기하는 것들,10
zin,아워 바디,10
zld,겨울왕국 2,9
zld,나를 찾아줘,10
zld,킬러의 보디가드,2
zza,겨울왕국 2,10
zza,모아나,2
zza,원스 어폰 어 타임... 인 할리우드,10
zza,콰이어트 플레이스,8
zzo,82년생 김지영,10
zzo,봉오동 전투,1
zzo,퍼펙트맨,10
zzz,82년생 김지영,1
zzz,행동하는 양심 김대중,9
zzz,헤로니모,10
